账号,职业ID,角色名,,,,,,,,,,
accountName_ks,career_n,userName_s,,,,,,,,,,
qaz0,1,莫妮思语风,,,,,,,,,,
qaz1,2,汉内斯怒风怒风,,,,,,,,,,
qaz2,3,普洛斯雷林,,,,,,,,,,
qaz3,4,艾伦霜语,,,,,,,,,,
qaz4,3,利威尔艾里赫,,,,,,,,,,
qaz5,4,阿尔敏艾弗里,,,,,,,,,,
qaz6,1,让阿方索,,,,,,,,,,
qaz7,2,恩里克华盛顿,,,,,,,,,,
qaz8,3,威尔逊罗伊斯,,,,,,,,,,
qaz9,4,约翰希尔,,,,,,,,,,
qaz10,1,罗斯埃里克,,,,,,,,,,
qaz11,2,露丝佩托拉,,,,,,,,,,
qaz12,3,坦娜佩斯,,,,,,,,,,
qaz13,4,斯蒂夫托勒密,,,,,,,,,,
qaz14,1,萨莎福克斯,,,,,,,,,,
qaz15,2,亚尼特兰斯,,,,,,,,,,
qaz16,3,达比菲尔森,,,,,,,,,,
qaz17,4,康尼莫泊桑,,,,,,,,,,
qaz18,1,珊莎史密斯,,,,,,,,,,
qaz19,2,艾妮亚兰森特,,,,,,,,,,
qaz20,3,杰克兰斯,,,,,,,,,,
qaz21,4,马可布朗,,,,,,,,,,
qaz22,1,莱纳怀特,,,,,,,,,,
qaz23,2,尤弥尔凯尔特,,,,,,,,,,
qaz24,3,穆丽儿摩尔,,,,,,,,,,
qaz25,4,莉莉安洛萨,,,,,,,,,,
qaz26,1,埃尔文艾格文,,,,,,,,,,
qaz27,2,克里斯埃兰,,,,,,,,,,
qaz28,3,雅尼克风行者,,,,,,,,,,
qaz29,4,安斯绰尔班,,,,,,,,,,
qaz30,1,克利斯卓别林,,,,,,,,,,
qaz31,2,乔恩雷斧,,,,,,,,,,
qaz32,3,莱斯魂痕,,,,,,,,,,
qaz33,4,本杰明蒙塔纳,,,,,,,,,,
qaz34,1,洁西卡科林,,,,,,,,,,
qaz35,2,水蓝儿奥肯,,,,,,,,,,
qaz36,3,艾莉卡雷恩,,,,,,,,,,
qaz37,4,安洁布莱克,,,,,,,,,,
qaz38,1,斯蒂娜雷角,,,,,,,,,,
qaz39,2,蕾拉金豪斯,,,,,,,,,,
qaz40,3,苏珊布鲁斯,,,,,,,,,,
qaz41,4,迪莉娅瓦伦特,,,,,,,,,,
qaz42,1,汉高特洛伊,,,,,,,,,,
qaz43,2,雷切尔唐克斯,,,,,,,,,,
qaz44,3,艾美冈撒,,,,,,,,,,
qaz45,4,洛肯雪诺,,,,,,,,,,
qaz46,1,莎拉觅魂者,,,,,,,,,,
qaz47,2,威玛滑影,,,,,,,,,,
qaz48,3,盖瑞华生,,,,,,,,,,
qaz49,4,莫尔蒙托尔金,,,,,,,,,,
qaz50,1,高弗雷影歌,,,,,,,,,,
qaz51,2,阿道夫逐风者,,,,,,,,,,
qaz52,3,罗伯特萨斯,,,,,,,,,,
qaz53,4,斯塔夫铜须,,,,,,,,,,
qaz54,1,戴维霍克,,,,,,,,,,
qaz55,2,霍根火语,,,,,,,,,,
qaz56,3,史杜宾月歌,,,,,,,,,,
qaz57,4,米歇尔塔萨,,,,,,,,,,
qaz58,1,西蒙卓莎,,,,,,,,,,
qaz59,2,赫拉塔兹,,,,,,,,,,
qaz60,3,布兰肖尔,,,,,,,,,,
qaz61,4,罗伯特静山,,,,,,,,,,
qaz62,1,雷蒙冬歌,,,,,,,,,,
qaz63,2,纳拉克克斯,,,,,,,,,,
qaz64,3,莉莉顿沃德,,,,,,,,,,
qaz65,4,黛丝曼图斯,,,,,,,,,,
qaz66,1,杜林掠爪,,,,,,,,,,
qaz67,2,爱德华芬森,,,,,,,,,,
qaz68,3,哈切森灰须,,,,,,,,,,
qaz69,4,穆林雨树,,,,,,,,,,
qaz70,1,莉莉姆斯塔萨,,,,,,,,,,
qaz71,2,莫妮卡弧光,,,,,,,,,,
qaz72,3,莫吉莫焰须,,,,,,,,,,
qaz73,4,克里奥铸锤,,,,,,,,,,
qaz74,1,凯撒穆兰,,,,,,,,,,
qaz75,2,庞贝朗费罗,,,,,,,,,,
qaz76,3,兰斯利根,,,,,,,,,,
qaz77,4,夏尔索克,,,,,,,,,,
qaz78,1,维妮琪格萨摩,,,,,,,,,,
qaz79,2,乔治伊索德,,,,,,,,,,
qaz80,3,克洛德杜隆坦,,,,,,,,,,
qaz81,4,莫尔墨掠龙者,,,,,,,,,,
qaz82,1,亚瑟塔尔文,,,,,,,,,,
qaz83,2,丹尼尔电肘,,,,,,,,,,
qaz84,3,弗兰克菲尔斯,,,,,,,,,,
qaz85,4,朱诺亨顿,,,,,,,,,,
qaz86,1,詹森沙尔加,,,,,,,,,,
qaz87,2,朱莉沙特,,,,,,,,,,
qaz88,3,希琳海格,,,,,,,,,,
qaz89,4,比尔穆迪,,,,,,,,,,
qaz90,1,安娜史内普,,,,,,,,,,
qaz91,2,艾尔莎洛哈特,,,,,,,,,,
qaz92,3,乔伊麦格,,,,,,,,,,
qaz93,4,索菲亚里维斯,,,,,,,,,,
qaz94,1,肖恩穆同,,,,,,,,,,
qaz95,2,海文格雷,,,,,,,,,,
qaz96,3,丽芙艾维斯,,,,,,,,,,
qaz97,4,安德鲁库勒,,,,,,,,,,
qaz98,1,吉尔伍德,,,,,,,,,,
qaz99,2,爱丽丝贝尔,,,,,,,,,,
qaz100,3,汤姆斐尼甘,,,,,,,,,,
qaz101,4,杰瑞托马斯,,,,,,,,,,
qaz102,1,戴弗斯扎比尼,,,,,,,,,,
qaz103,2,琼奎克,,,,,,,,,,
qaz104,3,夏洛克琥珀,,,,,,,,,,
qaz105,4,马丁布莱奇,,,,,,,,,,
qaz106,1,罗弗寇怒藤,,,,,,,,,,
qaz107,2,莎莉叶埃金斯,,,,,,,,,,
qaz108,3,路希马里昂,,,,,,,,,,
qaz109,4,卡露蜜普莱斯,,,,,,,,,,
qaz110,1,乌列唐泰斯,,,,,,,,,,
qaz111,2,安石握,,,,,,,,,,
qaz112,3,哈尼尔爪心,,,,,,,,,,
qaz113,4,加百列血翼,,,,,,,,,,
qaz114,1,撒拉弗晨刃,,,,,,,,,,
qaz115,2,米卡杰柔心,,,,,,,,,,
qaz116,3,薇拉软足,,,,,,,,,,
qaz117,4,尤里秋光,,,,,,,,,,
qaz118,1,莫嘉娜夏风,,,,,,,,,,
qaz119,2,卡鲁重拳,,,,,,,,,,
qaz120,3,鲁克暮语,,,,,,,,,,
qaz121,4,罗伊娜贝利莫,,,,,,,,,,
qaz122,1,卢修斯贝宁顿,,,,,,,,,,
qaz123,2,纳西莎科贝尔,,,,,,,,,,
qaz124,3,洛丽塔艾斯曼,,,,,,,,,,
qaz125,4,郝思嘉虫棘,,,,,,,,,,
qaz126,1,奇洛玛格,,,,,,,,,,
qaz127,2,娜博亚黑鸦,,,,,,,,,,
qaz128,3,加蒂裂蹄,,,,,,,,,,
qaz129,4,罗兰德暗歌,,,,,,,,,,
qaz130,1,宾斯跃火,,,,,,,,,,
qaz131,2,蒙特罗血痕,,,,,,,,,,
qaz132,3,艾瑞卡卡蹦,,,,,,,,,,
qaz133,4,罗伦斯稳熔,,,,,,,,,,
qaz134,1,西比尔虾猎,,,,,,,,,,
qaz135,2,哈妮好时,,,,,,,,,,
qaz136,3,露比高爆,,,,,,,,,,
qaz137,4,艾薇儿响弹,,,,,,,,,,
qaz138,1,葛丽泰拐桨,,,,,,,,,,
qaz139,2,罗伊斯诱铜,,,,,,,,,,
qaz140,3,博隆焦羽,,,,,,,,,,
qaz141,4,瓦尼塔米娜,,,,,,,,,,
qaz142,1,帕西召血者,,,,,,,,,,
qaz143,2,盖萝娜火芒,,,,,,,,,,
qaz144,3,安德烈深湖,,,,,,,,,,
qaz145,4,莉雅长齿,,,,,,,,,,
qaz146,1,薇薇安河角,,,,,,,,,,
qaz147,2,高恩雷塔维,,,,,,,,,,
qaz148,3,戴安娜基沙恩,,,,,,,,,,
qaz149,4,凯特血喉,,,,,,,,,,
qaz150,1,琼西温布雷,,,,,,,,,,
qaz151,2,特伦西月棘,,,,,,,,,,
qaz152,3,提里奥黑心,,,,,,,,,,
qaz153,4,阿古斯卡瓦尔,,,,,,,,,,
qaz154,1,克拉克峭牧,,,,,,,,,,
qaz155,2,欧仁妮砾砺,,,,,,,,,,
qaz156,3,梅尼米尔,,,,,,,,,,
qaz157,4,诺玛风矛,,,,,,,,,,
qaz158,1,海黛亚希尔,,,,,,,,,,
qaz159,2,艾希礼兰恩,,,,,,,,,,
qaz160,3,梅勒妮拉格雷,,,,,,,,,,
qaz161,4,芬格尔多伦,,,,,,,,,,
qaz162,1,瑞德奇列姆,,,,,,,,,,
qaz163,2,查尔斯铁斧,,,,,,,,,,
qaz164,3,苏伦芬格,,,,,,,,,,
qaz165,4,邦妮斯蒂文,,,,,,,,,,
qaz166,1,玛姬迈尔斯,,,,,,,,,,
qaz167,2,威廉苇风,,,,,,,,,,
qaz168,3,塔尔森凋零者,,,,,,,,,,
qaz169,4,西里斯弗丁,,,,,,,,,,
qaz170,1,莱姆斯罗伯兹,,,,,,,,,,
qaz171,2,夏洛克万帕,,,,,,,,,,
qaz172,3,艾琳米切尔,,,,,,,,,,
qaz173,4,简血牙,,,,,,,,,,
qaz174,1,维奥拉肯尼迪,,,,,,,,,,
qaz175,2,伊娃查伯斯,,,,,,,,,,
qaz176,3,卡洛琳莫维尔,,,,,,,,,,
qaz177,4,维多克古德温,,,,,,,,,,
qaz178,1,乔吉娜赫夫曼,,,,,,,,,,
qaz179,2,瑟琳娜天爪,,,,,,,,,,
qaz180,3,布莱尔夏洛特,,,,,,,,,,
qaz181,4,珍妮耀鹰,,,,,,,,,,
qaz182,1,夏绿蒂霜鸣,,,,,,,,,,
qaz183,2,麦当娜铁刃,,,,,,,,,,
qaz184,3,亚当加诺,,,,,,,,,,
qaz185,4,米迦勒埃默里,,,,,,,,,,
qaz186,1,贝纳尔托里,,,,,,,,,,
qaz187,2,朱迪斯炙痕,,,,,,,,,,
qaz188,3,丘比特库恩,,,,,,,,,,
qaz189,4,艾米莉石拳,,,,,,,,,,
qaz190,1,玛兰达重拳,,,,,,,,,,
qaz191,2,布鲁克蛮锤,,,,,,,,,,
qaz192,3,埃德加唤云者,,,,,,,,,,
qaz193,4,米凯拉鹰斧,,,,,,,,,,
qaz194,1,希斯雷破,,,,,,,,,,
qaz195,2,艾尔钢胃,,,,,,,,,,
qaz196,3,达芙妮阿克曼,,,,,,,,,,
qaz197,4,帕尼杜兰,,,,,,,,,,
qaz198,1,奥斯卡加瑞特,,,,,,,,,,
qaz199,2,哈里暮语,,,,,,,,,,
qaz200,3,尹克西杨斯,,,,,,,,,,
qaz201,4,伊莱娜古斯提,,,,,,,,,,
qaz202,1,戴肯杜拉斯,,,,,,,,,,
qaz203,2,唐恩霜行,,,,,,,,,,
qaz204,3,安格斯兰萨尔,,,,,,,,,,
qaz205,4,娜提雅维达,,,,,,,,,,
qaz206,1,奎恩加图索,,,,,,,,,,
qaz207,2,狄默思兰萨尔,,,,,,,,,,
qaz208,3,斯科特哈玛,,,,,,,,,,
qaz209,4,陆恩斯查培尔,,,,,,,,,,
